status,title,company,location,date,tags,link,id,provider,query
new,Global Solution Director - Transportation,ServiceNow,Remote,2020-02-11,"class , maps , alignment , client , cloud , case , field",https://www.indeed.com/viewjob?jk=090b8749b89872a7,090b8749b89872a7,indeed,ServiceNow developer
new,Global Solution Director - Manufacturing,ServiceNow,Remote,2020-02-11,"class , maps , alignment , client , cloud , case , field",https://www.indeed.com/viewjob?jk=02b8fde5a1188b5d,02b8fde5a1188b5d,indeed,ServiceNow developer
new,Revenue Accountant,ServiceNow,"Santa Clara, CA 95054",2020-01-15,"process , get , set , position , SAP",https://www.indeed.com/viewjob?jk=4d13142a1a3eefa4,4d13142a1a3eefa4,indeed,ServiceNow developer
new,Analytics Tableau Developer,ServiceNow,"Santa Clara, CA 95054",2020-01-28,"JavaScript , HTML , CSS , SQL , database , security , templates , mobile , Server , get , set",https://www.indeed.com/viewjob?jk=9e27344cdd2e7ea0,9e27344cdd2e7ea0,indeed,ServiceNow developer
new,Technical Support Engineer,ServiceNow,"Santa Clara, CA 95054",2020-01-28,"JavaScript , Python , MySQL , Windows , Shell , Perl , Object , debugging , Unix , SSH , scripting , get , components , position",https://www.indeed.com/viewjob?jk=7150684bfe495af8,7150684bfe495af8,indeed,ServiceNow developer
new,Senior Technical Support Engineer,ServiceNow,"Orlando, FL 32817",2020-02-08,"JavaScript , Python , HTML , CSS , MySQL , AngularJS , AJAX , XML , Windows , Eclipse , Shell , Perl , Object , debugging , Unix",https://www.indeed.com/viewjob?jk=894f27339f356018,894f27339f356018,indeed,ServiceNow developer
new,Developer Advocate,ServiceNow,Remote,2020-01-15,"JavaScript , events , service , Service , build , scripting , get , find , client , Client",https://www.indeed.com/viewjob?jk=6b7908d4bc302a14,6b7908d4bc302a14,indeed,ServiceNow developer
new,IT Internship (Summer 2020),ServiceNow,"San Diego, CA",2020-01-15,"Git , Class , security , automation , structure",https://www.indeed.com/viewjob?jk=f14e56e9eee26946,f14e56e9eee26946,indeed,ServiceNow developer
new,SWAT Developer,ServiceNow,"San Francisco, CA 94105 (Financial District area)",2020-02-12,"Python , Mysql , database , performance , Performance , shell , testing , indexing , dynamic , Service , scripting , background , position , Cloud , focus",https://www.indeed.com/viewjob?jk=602ada7e4bc8a05f,602ada7e4bc8a05f,indeed,ServiceNow developer
new,Accessibility Test Engineer,ServiceNow,"San Diego, CA",2020-02-11,"testing , web , build , process , automation , scripting , get , position , cloud , Cloud , accessibility , Accessibility",https://www.indeed.com/viewjob?jk=c4ebc66e5f02f471,c4ebc66e5f02f471,indeed,ServiceNow developer
new,Advisory Solution Consultant,ServiceNow,"Vienna, VA 22182",2020-01-29,"web , Service , process , Automation , Configuration , get , Mapping , Cloud",https://www.indeed.com/viewjob?jk=6c1066532f676354,6c1066532f676354,indeed,ServiceNow developer
new,Software Quality Engineer,ServiceNow,"Kirkland, WA 98033 (Highlands area)",2020-01-15,"Selenium , debugging , testing , SVN , JUnit , build , get , JMeter , Frameworks",https://www.indeed.com/viewjob?jk=441a01aae4603064,441a01aae4603064,indeed,ServiceNow developer
new,ServiceNow Application Developer,ServiceNow,"San Diego, CA",2020-01-15,"JavaScript , HTML , CSS , AngularJS , XML , REST , class , debugging , web , Web , mobile , get , stack , position",https://www.indeed.com/viewjob?jk=93c513776c4cf172,93c513776c4cf172,indeed,ServiceNow developer
new,"Managing Editor, Employee Storytelling",ServiceNow,"Santa Clara, CA 95054",2020-01-15,"forms , build , process , model , resources , repository , Editor",https://www.indeed.com/viewjob?jk=533aea97100c7303,533aea97100c7303,indeed,ServiceNow developer
new,Global Solution Director - Education,ServiceNow,Remote,2020-02-11,"class , maps , alignment , client , cloud , case , field",https://www.indeed.com/viewjob?jk=cadf24986578ebb5,cadf24986578ebb5,indeed,ServiceNow developer
new,Curriculum Design and Developer (Sales),ServiceNow,"San Diego, CA",2020-01-15,"class , methods , get",https://www.indeed.com/viewjob?jk=21e1d77696879aa7,21e1d77696879aa7,indeed,ServiceNow developer
new,Senior Application Developer,ServiceNow,"Santa Clara, CA 95054",2020-01-15,"JavaScript , validation , debugging , Service , get",https://www.indeed.com/viewjob?jk=a160ef40934e175b,a160ef40934e175b,indeed,ServiceNow developer
new,Legal Operations Analyst,ServiceNow,"Santa Clara, CA 95054",2020-02-11,"process , get",https://www.indeed.com/viewjob?jk=bc481419f669b0e4,bc481419f669b0e4,indeed,ServiceNow developer
new,Business Process Mining Scientist,ServiceNow,"Santa Clara, CA 95054",2020-01-15,"SQL , R , variables , go , optimization , process , Process , get , SAS , Statistics , position , structure",https://www.indeed.com/viewjob?jk=185d5df70f739b48,185d5df70f739b48,indeed,ServiceNow developer
new,Briefing Program Manager,ServiceNow,"Santa Clara, CA 95054",2020-01-30,"events , video , get , position",https://www.indeed.com/viewjob?jk=2fdc29c615bb9a13,2fdc29c615bb9a13,indeed,ServiceNow developer
new,Sr. Recruiter (G&A),ServiceNow,"Santa Clara, CA 95054",2020-02-12,"build , Build , get",https://www.indeed.com/viewjob?jk=4b30943f77f05b24,4b30943f77f05b24,indeed,ServiceNow developer
new,"Customer Advocacy, Director",ServiceNow,"Pleasanton, CA",2020-01-15,"go , events , video , dynamic , build , process , model , reference , set , alignment , cloud",https://www.indeed.com/viewjob?jk=2cced59139d8bace,2cced59139d8bace,indeed,ServiceNow developer
new,Software Engineering Internship (Summer 2020),ServiceNow,"San Francisco, CA 94105 (Financial District area)",2020-01-15,"Javascript , JavaScript , Java , Python , Android , HTML , C++ , CSS , iOS , Angularjs , Angular , Git , performance , Selenium , Class",https://www.indeed.com/viewjob?jk=9ce27d0a33e6cb62,9ce27d0a33e6cb62,indeed,ServiceNow developer
new,"Director, ACE Industry Solutions, Manufacturing Industry",ServiceNow,"Santa Clara, CA 95054",2020-02-06,"list , class , input , dynamic , Service , build , Process , model , get , IP , Alignment , Cloud , focus , field , exec",https://www.indeed.com/viewjob?jk=303dc6cbd0621782,303dc6cbd0621782,indeed,ServiceNow developer
new,"Manager, Solution Consulting",ServiceNow,Remote,2020-02-11,"dynamic , Service , get , resources , position , Salesforce , alignment",https://www.indeed.com/viewjob?jk=75660a9b45dd646a,75660a9b45dd646a,indeed,ServiceNow developer
new,Deal Desk Specialist,ServiceNow,"Waltham, MA",2020-02-13,"process , get , position , logic , field",https://www.indeed.com/viewjob?jk=f09def59691741e5,f09def59691741e5,indeed,ServiceNow developer
new,Customer Subscription Analyst,ServiceNow,"Waltham, MA",2020-01-28,"Excel , testing , post , optimization , automation , background , cloud , task",https://www.indeed.com/viewjob?jk=f191e64083a10bce,f191e64083a10bce,indeed,ServiceNow developer
new,Advisory Solution Consultant,ServiceNow,"Kirkland, WA 98033 (Highlands area)",2020-01-15,"security , web , events , Service , process , get , Request , Cloud",https://www.indeed.com/viewjob?jk=52487824fc690038,52487824fc690038,indeed,ServiceNow developer
new,Technical Support Engineer,ServiceNow,"Orlando, FL 32817",2020-02-07,"JavaScript , HTML , XML , Azure , PowerShell , Class , HTTP , debugging , Tomcat , Web , Networking , JDBC , SSH , JMS , focus",https://www.indeed.com/viewjob?jk=39f6d6aa22c00e23,39f6d6aa22c00e23,indeed,ServiceNow developer
new,Sales Operations Specialist,ServiceNow,"Waltham, MA",2020-01-15,"Forms , Service , process , automation , get , position",https://www.indeed.com/viewjob?jk=f72806d916045364,f72806d916045364,indeed,ServiceNow developer
new,HI Business Product Owner,ServiceNow,"Kirkland, WA 98033 (Highlands area)",2020-02-11,"performance , testing , process , get , position , alignment , report , case , state",https://www.indeed.com/viewjob?jk=3afac71cc7bdfd06,3afac71cc7bdfd06,indeed,ServiceNow developer
new,Technical Writing Intern,ServiceNow,"San Diego, CA",2020-01-15,"web , types , build , structure",https://www.indeed.com/viewjob?jk=5d2e4ac7449cd3d7,5d2e4ac7449cd3d7,indeed,ServiceNow developer
new,Senior Solution Developer (Solution Innovation),ServiceNow,"Santa Clara, CA 95054",2020-01-15,"Javascript , JavaScript , Android , jQuery , CSS , JSON , AngularJS , Angular , Windows , performance , Security , templates , testing , web , Web",https://www.indeed.com/viewjob?jk=637cca696d44d3e4,637cca696d44d3e4,indeed,ServiceNow developer
new,Technical Support Engineer,ServiceNow,"Orlando, FL 32817",2020-01-23,"JavaScript , HTML , CSS , list , Security , UNIX , web , dynamic , service , Service , get , find , Resources , components , cloud",https://www.indeed.com/viewjob?jk=41edab4b488e7b4a,41edab4b488e7b4a,indeed,ServiceNow developer
new,Training Development Representative,ServiceNow,"San Diego, CA",2020-01-15,"Excel , forms , build , Outlook , process , automation , get , position",https://www.indeed.com/viewjob?jk=c7ab3e83134271e2,c7ab3e83134271e2,indeed,ServiceNow developer
